Date,Open,High,Low,Close,Volume,Adj Close
2012-01-03,26.55,26.96,26.39,26.765,64735391,26.765
2012-01-04,26.8199,27.47,26.78,27.4,80519402,27.4
2012-01-05,27.38,27.728,27.29,27.68,56082205,27.68
2012-01-06,27.53,28.19,27.525,28.105,99459469,28.105
2012-01-09,28.05,28.1,27.72,27.74,59708266,27.74
2012-01-10,27.93,28.15,27.75,27.84,60014333,27.84
2012-01-11,27.43,27.98,27.37,27.72,65586477,27.72
2012-01-12,27.87,28.02,27.645,28,49375477,28
2012-01-13,27.93,28.25,27.79,28.25,60204902,28.25
2012-01-17,28.4,28.65,28.17,28.255,72395252,28.255
2012-01-18,28.31,28.4,27.97,28.23,64860509,28.23
2012-01-19,28.16,28.435,28.03,28.12,74053427,28.12
2012-01-20,28.82,29.74,28.75,29.71,165902897,29.71
2012-01-23,29.55,29.95,29.35,29.73,76081814,29.73
2012-01-24,29.47,29.5703,29.18,29.34,51711367,29.34
2012-01-25,29.07,29.65,29.07,29.56,59236267,29.56
2012-01-26,29.61,29.7,29.4,29.5,49107458,29.5
2012-01-27,29.45,29.53,29.17,29.23,44190573,29.23
2012-01-30,28.97,29.62,28.83,29.61,51114661,29.61
2012-01-31,29.66,29.7,29.23,29.53,50572372,29.53
2012-02-01,29.79,30.05,29.76,29.89,67413817,29.89
2012-02-02,29.9,30.17,29.71,29.95,52226255,29.95
2012-02-03,30.1401,30.4,30.09,30.24,41845397,30.24
2012-02-06,30.04,30.22,29.97,30.2,28040378,30.2
2012-02-07,30.15,30.485,30.05,30.35,39242529,30.35
2012-02-08,30.26,30.67,30.22,30.66,49662740,30.66
2012-02-09,30.68,30.8,30.48,30.77,50481549,30.77
2012-02-10,30.64,30.8,30.36,30.495,44606751,30.495
2012-02-13,30.63,30.77,30.43,30.58,33322516,30.58
2012-02-14,30.33,30.46,29.85,30.25,59662711,30.25
2012-02-15,30.3301,30.39,30.03,30.05,43316117,30.05
2012-02-16,30.31,31.55,30.3,31.285,94705078,31.285
2012-02-17,31.2,31.32,30.95,31.25,70040830,31.25
2012-02-21,31.18,31.61,31.15,31.44,50832547,31.44
2012-02-22,31.45,31.68,31.18,31.27,49253117,31.27
2012-02-23,31.2,31.59,31,31.37,35035609,31.37
2012-02-24,31.48,31.5,31.24,31.48,35577833,31.48
2012-02-27,31.24,31.5,31.1,31.35,34575391,31.35
2012-02-28,31.41,31.93,31.38,31.87,45230573,31.87
2012-02-29,31.885,32,31.61,31.74,59326545,31.74
2012-03-01,31.93,32.39,31.85,32.29,77348930,32.29
2012-03-02,32.31,32.44,32,32.075,47318927,32.075
2012-03-05,32.01,32.05,31.62,31.8,45239832,31.8
2012-03-06,31.54,31.98,31.49,31.555,51938950,31.555
2012-03-07,31.67,31.92,31.53,31.84,34340619,31.84
2012-03-08,32.04,32.21,31.9,32.01,36752011,32.01
2012-03-09,32.1,32.16,31.92,31.99,34628398,31.99
2012-03-12,31.97,32.2,31.82,32.04,34076755,32.04
2012-03-13,32.24,32.69,32.15,32.67,48951650,32.67
2012-03-14,32.53,32.88,32.49,32.77,41987743,32.77
2012-03-15,32.79,32.94,32.58,32.85,49070794,32.85
2012-03-16,32.91,32.95,32.5,32.6,65626398,32.6
2012-03-19,32.535,32.61,32.15,32.2,44797109,32.2
2012-03-20,32.1,32.15,31.74,31.99,41566788,31.99
2012-03-21,31.96,32.15,31.82,31.91,37935484,31.91
2012-03-22,31.81,32.09,31.79,31.995,31749516,31.995
2012-03-23,32.1,32.11,31.72,32.01,35912885,32.01
2012-03-26,32.19,32.61,32.155,32.59,36758279,32.59
2012-03-27,32.65,32.7,32.4,32.52,36274889,32.52
2012-03-28,32.52,32.7,32.04,32.19,41350041,32.19
2012-03-29,32.06,32.19,31.81,32.12,37038894,32.12
2012-03-30,32.4,32.41,32.04,32.255,31754740,32.255
2012-04-02,32.22,32.46,31.95,32.29,35850785,32.29
2012-04-03,32.16,32.19,31.66,31.94,42752025,31.94
2012-04-04,31.66,31.69,31.05,31.21,49455870,31.21
2012-04-05,31.15,31.63,31.0501,31.52,50294950,31.52
2012-04-09,31.22,31.4,30.97,31.1,31062811,31.1
2012-04-10,31.06,31.19,30.3,30.47,54137247,30.47
2012-04-11,30.43,30.53,30.23,30.345,43016353,30.345
2012-04-12,30.48,31.04,30.42,30.975,38306010,30.975
2012-04-13,30.89,31.16,30.72,30.81,39749525,30.81
2012-04-16,30.99,31.19,30.77,31.075,38130098,31.075
2012-04-17,31.27,31.61,31.2,31.44,34361728,31.44
2012-04-18,31.28,31.31,31.04,31.14,40555467,31.14
2012-04-19,31.13,31.68,30.94,31.01,54781106,31.01
2012-04-20,32.15,32.89,32.05,32.42,106052027,32.42
2012-04-23,32.31,32.5,32.03,32.12,61403840,32.12
2012-04-24,32.21,32.52,31.83,31.92,40871061,31.92
2012-04-25,31.92,32.32,31.87,32.2,62496907,32.2
2012-04-26,32.12,32.23,31.92,32.11,40312879,32.11
2012-04-27,32.12,32.22,31.88,31.98,41423609,31.98
2012-04-30,31.98,32.11,31.92,32.015,35706696,32.015
2012-05-01,32.05,32.335,31.95,32.01,43833208,32.01
2012-05-02,31.85,31.925,31.64,31.8,37387978,31.8
2012-05-03,31.88,31.9,31.61,31.76,31504327,31.76
2012-05-04,31.45,31.57,30.92,30.98,57928336,30.98
2012-05-07,30.7,30.86,30.57,30.65,48644875,30.65
2012-05-08,30.48,30.78,30.17,30.5,46337430,30.5
2012-05-09,30.19,30.83,30.1,30.76,50309301,30.76
2012-05-10,30.86,31.02,30.45,30.74,43839116,30.74
2012-05-11,30.69,31.54,30.69,31.16,43460342,31.16
2012-05-14,30.82,31.04,30.64,30.68,40528885,30.68
2012-05-15,30.64,30.795,30.15,30.21,61830348,30.21
2012-05-16,30.31,30.32,29.74,29.9,60083687,29.9
2012-05-17,29.99,30.2084,29.71,29.72,48487178,29.72
2012-05-18,29.79,29.81,29.17,29.27,56205262,29.27
2012-05-21,29.1,29.79,29.06,29.75,38794203,29.75
2012-05-22,29.69,29.88,29.5,29.76,39508257,29.76
2012-05-23,29.35,29.4,28.64,29.11,65170962,29.11
2012-05-24,29.16,29.3,28.76,29.07,52576022,29.07
2012-05-25,29.2,29.36,29.01,29.06,29508245,29.06
2012-05-29,29.38,29.72,29.22,29.56,37758958,29.56
2012-05-30,29.35,29.479,29.12,29.34,41590049,29.34
2012-05-31,29.3,29.42,28.94,29.19,39142318,29.19
2012-06-01,28.76,28.96,28.44,28.45,56641282,28.45
2012-06-04,28.62,28.78,28.32,28.55,47928161,28.55
2012-06-05,28.51,28.75,28.39,28.505,45715327,28.505
2012-06-06,28.88,29.37,28.8075,29.35,46860486,29.35
2012-06-07,29.64,29.7,29.17,29.23,37794901,29.23
2012-06-08,29.21,29.68,29.05,29.65,42554321,29.65
2012-06-11,29.73,29.81,28.82,28.895,46365066,28.895
2012-06-12,29.1,29.3,28.84,29.29,35338135,29.29
2012-06-13,29.22,29.44,29.05,29.13,32984515,29.13
2012-06-14,29.33,29.46,28.88,29.34,39460156,29.34
2012-06-15,29.59,30.08,29.49,30.02,62314362,30.02
2012-06-18,29.99,30.03,29.71,29.84,58679618,29.84
2012-06-19,30.19,31.11,30.05,30.7,75725717,30.7
2012-06-20,30.93,31.05,30.64,30.93,36257101,30.93
2012-06-21,30.96,31.14,30.06,30.135,48461283,30.135
2012-06-22,30.3,30.73,30.03,30.7,45098017,30.7
2012-06-25,30.3001,30.32,29.62,29.865,42225199,29.865
2012-06-26,30,30.27,29.94,30.02,38422237,30.02
2012-06-27,30.19,30.5,30.03,30.17,33783977,30.17
2012-06-28,29.98,30.05,29.42,29.91,45333920,29.91
2012-06-29,30.45,30.69,30.14,30.59,55227108,30.59
2012-07-02,30.62,30.62,30.21,30.56,30589039,30.56
2012-07-03,30.23,30.76,30.17,30.76,20941442,30.76
2012-07-05,30.59,30.78,30.375,30.7,28802821,30.7
2012-07-06,30.61,30.7,29.95,30.185,38297403,30.185
2012-07-09,30.12,30.23,29.78,30,30682552,30
2012-07-10,30.08,30.22,29.51,29.74,37537369,29.74
2012-07-11,29.71,29.735,29.105,29.3,39188842,29.3
2012-07-12,29.15,29.18,28.54,28.63,63530444,28.63
2012-07-13,28.76,29.48,28.72,29.39,39090585,29.39
2012-07-16,29.48,29.53,29.04,29.44,27901963,29.44
2012-07-17,29.64,29.86,29.2,29.66,33776331,29.66
2012-07-18,29.6,30.45,29.46,30.45,41100151,30.45
2012-07-19,30.51,30.8,30.38,30.665,46663183,30.665
2012-07-20,31,31.05,30.05,30.115,64027078,30.115
2012-07-23,29.57,29.58,29.01,29.28,55151880,29.28
2012-07-24,29.2401,29.36,28.9,29.15,47723277,29.15
2012-07-25,29.24,29.33,28.78,28.83,45583794,28.83
2012-07-26,29.23,29.5,29.09,29.16,45302964,29.16
2012-07-27,29.48,29.85,29.18,29.755,44244766,29.755
2012-07-30,29.75,29.82,29.46,29.64,28904869,29.64
2012-07-31,29.48,29.71,29.33,29.47,37622808,29.47
2012-08-01,29.59,29.65,29.21,29.41,31722523,29.41
2012-08-02,29.21,29.525,28.97,29.19,39523066,29.19
2012-08-03,29.53,29.94,29.48,29.75,35860411,29.75
2012-08-06,30,30.11,29.81,29.95,27473823,29.95
2012-08-07,30.07,30.35,29.87,30.26,28003409,30.26
2012-08-08,30.21,30.47,30.11,30.33,26258427,30.33
2012-08-09,30.39,30.65,30.3,30.5,24920732,30.5
2012-08-10,30.5,30.62,30.25,30.42,27813460,30.42
2012-08-13,30.35,30.46,30.16,30.39,23053520,30.39
2012-08-14,30.3,30.39,30.01,30.13,34552536,30.13
2012-08-15,30.11,30.28,30.02,30.2,24351641,30.2
2012-08-16,30.3605,30.94,30.26,30.78,35788904,30.78
2012-08-17,30.92,30.92,30.59,30.9,32597464,30.9
2012-08-20,30.82,30.85,30.58,30.74,23739124,30.74
2012-08-21,30.76,30.96,30.61,30.8,28823883,30.8
2012-08-22,30.59,30.76,30.465,30.54,33438369,30.54
2012-08-23,30.39,30.4,30.08,30.255,28356539,30.255
2012-08-24,30.25,30.63,30.18,30.56,22951098,30.56
2012-08-27,30.93,30.96,30.59,30.69,34692509,30.69
2012-08-28,30.7,30.8,30.52,30.63,23948613,30.63
2012-08-29,30.6518,30.75,30.44,30.65,23347975,30.65
2012-08-30,30.53,30.61,30.22,30.32,23982028,30.32
2012-08-31,30.6,30.96,30.38,30.82,36595417,30.82
2012-09-04,30.45,30.66,30.15,30.385,48561825,30.385
2012-09-05,30.22,30.53,30.21,30.39,33650751,30.39
2012-09-06,30.5,31.36,30.46,31.345,48371613,31.345
2012-09-07,31.04,31.07,30.73,30.95,42652923,30.95
2012-09-10,30.83,30.9,30.51,30.72,40524855,30.72
2012-09-11,30.69,30.91,30.6101,30.79,25194218,30.79
2012-09-12,30.94,31.18,30.73,30.78,32779041,30.78
2012-09-13,30.89,31.18,30.4,30.935,45052177,30.935
2012-09-14,31.01,31.25,30.81,31.21,51422730,31.21
2012-09-17,31.19,31.26,31.04,31.21,36488844,31.21
2012-09-18,31.1,31.21,31.03,31.175,34542689,31.175
2012-09-19,31.09,31.19,31.04,31.052,48881762,31.052
2012-09-20,30.95,31.48,30.91,31.45,45549355,31.45
2012-09-21,31.43,31.61,31.09,31.19,102348791,31.19
2012-09-24,31,31.07,30.64,30.78,46825826,30.78
2012-09-25,30.95,31,30.36,30.39,54275689,30.39
2012-09-26,30.28,30.6,30.04,30.165,54679301,30.165
2012-09-27,30.17,30.4,29.89,30.16,47130850,30.16
2012-09-28,30.18,30.26,29.74,29.76,54232061,29.76
2012-10-01,29.81,29.98,29.42,29.49,54042532,29.49
2012-10-02,29.68,29.89,29.5,29.66,43338811,29.66
2012-10-03,29.75,29.99,29.67,29.86,46663995,29.86
2012-10-04,29.97,30.03,29.57,30.03,43640874,30.03
2012-10-05,30.23,30.25,29.74,29.85,41135532,29.85
2012-10-08,29.64,29.92,29.55,29.78,29755574,29.78
2012-10-09,29.68,29.74,29.18,29.28,45130560,29.28
2012-10-10,29.15,29.31,28.95,28.98,47227080,28.98
2012-10-11,29.215,29.25,28.87,28.95,41490756,28.95
2012-10-12,28.97,29.32,28.8,29.2,46466731,29.2
2012-10-15,29.37,29.72,29.25,29.51,42448472,29.51
2012-10-16,29.45,29.74,29.32,29.49,47745539,29.49
2012-10-17,29.3,29.64,29.09,29.59,44211740,29.59
2012-10-18,29.65,29.73,29.26,29.495,59238423,29.495
2012-10-19,29.05,29.08,28.5,28.64,90476951,28.64
2012-10-22,28.73,28.83,27.83,28,83383976,28
2012-10-23,27.765,28.2,27.76,28.047,64418754,28.047
2012-10-24,28.16,28.2,27.87,27.9019,53329233,27.9019
2012-10-25,28.19,28.2,27.86,27.88,54083785,27.88
2012-10-26,27.86,28.34,27.84,28.21,57789995,28.21
2012-10-31,28.55,28.88,28.5,28.54,69467692,28.54
2012-11-01,28.84,29.56,28.82,29.515,72047818,29.515
2012-11-02,29.59,29.77,29.33,29.4998,57139342,29.4998
2012-11-05,29.62,29.74,29.33,29.63,38071723,29.63
2012-11-06,29.82,30.2,29.61,29.86,43408274,29.86
2012-11-07,29.53,29.825,29.05,29.08,57876864,29.08
2012-11-08,29.12,29.37,28.8,28.81,49841738,28.81
2012-11-09,28.88,29.19,28.805,28.83,43295893,28.83
2012-11-12,28.94,29.01,28.21,28.22,61112106,28.22
2012-11-13,27.02,27.3,26.75,27.0895,131688992,27.0895
2012-11-14,27.24,27.29,26.8,26.84,76095405,26.84
2012-11-15,26.88,26.97,26.63,26.6607,50955598,26.6607
2012-11-16,26.67,26.7,26.3449,26.5209,64088293,26.5209
2012-11-19,26.8,26.8,26.47,26.7277,57179237,26.7277
2012-11-20,26.76,26.8,26.46,26.71,47070367,26.71
2012-11-21,26.71,27.1666,26.67,26.95,66360250,26.95
2012-11-23,27.23,27.77,27.2,27.7,57845672,27.7
2012-11-26,27.54,27.58,27.17,27.385,85198661,27.385
2012-11-27,27.3599,27.38,27.0424,27.08,45023854,27.08
2012-11-28,27.01,27.39,26.77,27.36,53018349,27.36
2012-11-29,27.11,27.36,26.86,26.95,69558839,26.95
2012-11-30,27.05,27.13,26.49,26.615,83690187,26.615
2012-12-03,26.78,26.82,26.4,26.4294,53173722,26.4294
2012-12-04,26.5,26.63,26.34,26.37,49798319,26.37
2012-12-05,26.38,26.93,26.26,26.67,68283731,26.67
2012-12-06,26.81,26.98,26.61,26.725,39186491,26.725
2012-12-07,26.82,26.82,26.37,26.455,46179491,26.455
2012-12-10,26.56,26.97,26.52,26.94,47037881,26.94
2012-12-11,27.05,27.49,27.05,27.32,52288386,27.32
2012-12-12,27.53,27.62,27.08,27.24,43966242,27.24
2012-12-13,27.32,27.52,26.95,27.11,45080041,27.11
2012-12-14,27.11,27.13,26.7,26.81,42077469,26.81
2012-12-17,26.79,27.215,26.68,27.095,42053240,27.095
2012-12-18,27.25,27.63,27.14,27.56,50494942,27.56
2012-12-19,27.69,27.73,27.25,27.31,53523188,27.31
2012-12-20,27.36,27.68,27.15,27.68,52607251,27.68
2012-12-21,27.45,27.49,27,27.45,98779723,27.45
2012-12-24,27.2,27.25,27,27.06,20842331,27.06
2012-12-26,27.03,27.2,26.7,26.86,31640952,26.86
2012-12-27,26.89,27.09,26.57,26.96,39393927,26.96
2012-12-28,26.71,26.9,26.55,26.55,28248325,26.55
2012-12-31,26.59,26.77,26.37,26.7097,42757836,26.7097
2013-01-02,27.25,27.73,27.1499,27.62,52905499,27.62
2013-01-03,27.63,27.65,27.16,27.25,48297740,27.25
2013-01-04,27.27,27.34,26.73,26.74,52521019,26.74
2013-01-07,26.77,26.88,26.64,26.69,37120059,26.69
2013-01-08,26.75,26.79,26.46,26.55,44703081,26.55
2013-01-09,26.72,26.75,26.56,26.7,49047873,26.7
2013-01-10,26.65,26.98,26.29,26.46,71430810,26.46
2013-01-11,26.49,26.93,26.28,26.83,55518050,26.83
2013-01-14,26.9,27.08,26.76,26.89,48324338,26.89
2013-01-15,26.83,27.29,26.825,27.21,48244452,27.21
2013-01-16,27.15,27.23,27.01,27.04,41077374,27.04
2013-01-17,27.19,27.47,27.06,27.25,51685841,27.25
2013-01-18,27.1,27.29,27.04,27.25,52171305,27.25
2013-01-22,27.3,27.45,27,27.15,58656745,27.15
2013-01-23,27.2,27.635,27.2,27.61,50387614,27.61
2013-01-24,27.7,28.07,27.47,27.63,101739246,27.63
2013-01-25,27.58,28.23,27.39,27.88,81853106,27.88
2013-01-28,28.01,28.225,27.76,27.911,56061493,27.911
2013-01-29,27.82,28.13,27.6,28.01,49247863,28.01
2013-01-30,28.01,28.19,27.76,27.85,43585526,27.85
2013-01-31,27.79,27.97,27.4,27.45,50536148,27.45
2013-02-01,27.67,28.05,27.55,27.93,55566440,27.93
2013-02-04,27.87,28.02,27.42,27.44,50539942,27.44
2013-02-05,27.62,27.66,27.36,27.495,35410361,27.495
2013-02-06,27.3799,27.54,27.25,27.34,41889572,27.34
2013-02-07,27.35,27.39,27.1,27.283,38034068,27.283
2013-02-08,27.35,27.71,27.31,27.55,33320436,27.55
2013-02-11,27.65,27.92,27.5,27.86,32248149,27.86
2013-02-12,27.88,28,27.75,27.88,35991329,27.88
2013-02-13,27.93,28.11,27.88,28.03,41716060,28.03
2013-02-14,27.92,28.06,27.87,28.04,32663454,28.04
2013-02-15,28.04,28.16,27.875,28.01,49657740,28.01
2013-02-19,27.8801,28.09,27.8,28.045,38806870,28.045
2013-02-20,28.13,28.2,27.83,27.87,44112446,27.87
2013-02-21,27.74,27.74,27.23,27.49,49085538,27.49
2013-02-22,27.68,27.76,27.48,27.76,31430018,27.76
2013-02-25,27.97,28.05,27.37,27.37,48020353,27.37
2013-02-26,27.38,27.6,27.34,27.37,49925050,27.37
2013-02-27,27.42,28,27.33,27.81,36395589,27.81
2013-02-28,27.88,27.97,27.74,27.8,35840861,27.8
2013-03-01,27.72,27.98,27.52,27.95,34851878,27.95
2013-03-04,27.85,28.15,27.7,28.15,38167497,28.15
2013-03-05,28.29,28.54,28.16,28.35,41437141,28.35
2013-03-06,28.21,28.23,27.78,28.09,51448913,28.09
2013-03-07,28.11,28.28,28.005,28.14,29197630,28.14
2013-03-08,28.25,28.33,27.96,28,37671493,28
2013-03-11,27.94,27.97,27.67,27.87,36635432,27.87
2013-03-12,27.84,27.95,27.64,27.91,39259456,27.91
2013-03-13,27.87,28.02,27.75,27.915,29103208,27.915
2013-03-14,28,28.16,27.93,28.135,55917303,28.135
2013-03-15,28.03,28.16,27.98,28.035,92711915,28.035
2013-03-18,27.88,28.28,27.81,28.1,44828022,28.1
2013-03-19,28.12,28.22,28.03,28.18,51902968,28.18
2013-03-20,28.34,28.49,28.18,28.315,35454207,28.315
2013-03-21,28.11,28.36,28.05,28.11,34234566,28.11
2013-03-22,28.19,28.3379,28.1,28.25,28720834,28.25
2013-03-25,28.3,28.35,27.96,28.16,44153931,28.16
2013-03-26,28.24,28.34,28.11,28.155,27831654,28.155
2013-03-27,28.14,28.445,28.08,28.37,36048959,28.37
2013-03-28,28.32,28.66,28.26,28.605,55455613,28.605
2013-04-01,28.64,28.66,28.36,28.61,29203122,28.61
2013-04-02,28.59,28.85,28.52,28.8,28460384,28.8
2013-04-03,28.75,28.95,28.54,28.56,35064468,28.56
2013-04-04,28.39,28.61,28.27,28.595,45267601,28.595
2013-04-05,28.22,28.78,28.11,28.7,50928776,28.7
2013-04-08,28.73,28.73,28.47,28.59,34759724,28.59
2013-04-09,28.73,29.815,28.68,29.61,77737851,29.61
2013-04-10,29.57,30.32,29.52,30.28,71116616,30.28
2013-04-11,29.1,29.2,28.73,28.935,130923162,28.935
2013-04-12,28.85,29.02,28.66,28.79,62888012,28.79
2013-04-15,28.65,28.98,28.51,28.69,56335548,28.69
2013-04-16,28.9,29.14,28.695,28.97,52804656,28.97
2013-04-17,28.85,29.04,28.6,28.825,52841328,28.825
2013-04-18,28.95,28.98,28.5,28.79,56906528,28.79
2013-04-19,29.62,30.24,29.61,29.765,99793502,29.765
2013-04-22,30.3,31.18,30.27,30.83,137909468,30.83
2013-04-23,30.7,30.9,30.38,30.6,59126880,30.6
2013-04-24,30.62,31.92,30.6,31.76,90955499,31.76
2013-04-25,31.71,32.84,31.54,31.94,110700124,31.94
2013-04-26,31.9,31.98,31.45,31.79,47802884,31.79
2013-04-29,31.8,32.68,31.77,32.61,59122266,32.61
2013-04-30,32.56,33.11,32.28,33.1,75166967,33.1
2013-05-01,32.93,33.08,32.6,32.72,54336834,32.72
2013-05-02,32.63,33.17,32.39,33.16,46069472,33.16
2013-05-03,33.23,33.52,33.08,33.49,46786840,33.49
2013-05-06,33.42,33.91,33.25,33.75,40982478,33.75
2013-05-07,33.65,33.79,33.24,33.31,43078268,33.31
2013-05-08,33.0667,33.24,32.65,32.99,51595643,32.99
2013-05-09,32.85,33,32.59,32.66,46417802,32.66
2013-05-10,32.67,32.72,32.32,32.69,36396524,32.69
2013-05-13,32.61,33.07,32.55,33.03,36036347,33.03
2013-05-14,32.8601,33.53,32.8,33.53,56874005,33.53
2013-05-15,33.45,33.9,33.43,33.845,46309506,33.845
2013-05-16,33.64,34.15,33.55,34.08,59384283,34.08
2013-05-17,34.1301,34.87,34.1,34.87,60674267,34.87
2013-05-20,34.73,35.095,34.68,35.08,54025227,35.08
2013-05-21,35.1,35.2725,34.72,34.85,48705362,34.85
2013-05-22,34.79,34.84,34.36,34.61,66050872,34.61
2013-05-23,34.23,34.55,33.9,34.15,51113510,34.15
2013-05-24,33.92,34.28,33.9,34.269,33175804,34.269
2013-05-28,34.42,35.18,34.41,35.02,48218180,35.02
2013-05-29,34.74,35.02,34.57,34.88,38419848,34.88
2013-05-30,34.85,35.25,34.813,35.03,51133616,35.03
2013-05-31,34.82,35.28,34.79,34.9,56167723,34.9
2013-06-03,34.92,35.63,34.83,35.59,51256272,35.59
2013-06-04,35.62,35.74,34.771,34.99,65538438,34.99
2013-06-05,34.6,34.89,34.43,34.78,46032657,34.78
2013-06-06,34.84,35.11,34.49,34.96,37627133,34.96
2013-06-07,35.25,35.78,35.06,35.67,40762249,35.67
2013-06-10,35.51,35.65,35.14,35.47,35995223,35.47
2013-06-11,35.05,35.18,34.68,34.84,39437362,34.84
2013-06-12,35.14,35.27,34.85,35,37373032,35
2013-06-13,34.99,35.02,34.59,34.715,45654803,34.715
2013-06-14,34.55,34.6901,34.25,34.4,53199007,34.4
2013-06-17,34.69,35.16,34.63,35,49672492,35
2013-06-18,34.97,35.17,34.895,34.98,28622929,34.98
2013-06-19,34.96,35.09,34.59,34.59,30820208,34.59
2013-06-20,34.26,34.33,33.37,33.49,54496758,33.49
2013-06-21,33.66,33.73,33.05,33.265,85338495,33.265
2013-06-24,32.94,34.2,32.57,33.715,56113708,33.715
2013-06-25,34.08,34.38,33.46,33.67,44073348,33.67
2013-06-26,34.12,34.48,33.8875,34.35,48667834,34.35
2013-06-27,34.52,34.78,34.5,34.62,28993542,34.62
2013-06-28,34.38,34.79,34.34,34.545,65548196,34.545
2013-07-01,34.75,34.99,34.33,34.36,31064000,34.36
2013-07-02,34.41,34.4389,33.63,33.94,37634572,33.94
2013-07-03,33.66,34.37,33.6,34.01,15994380,34.01
2013-07-05,34.09,34.24,33.581,34.21,26085981,34.21
2013-07-08,34.35,34.59,33.98,34.325,32398742,34.325
2013-07-09,34.58,34.6,34.14,34.35,25320908,34.35
2013-07-10,34.34,34.81,34.32,34.7,29658734,34.7
2013-07-11,35,35.77,34.9,35.685,53638234,35.685
2013-07-12,35.58,35.73,35.28,35.67,35502638,35.67
2013-07-15,35.66,36.22,35.58,36.17,34145645,36.17
2013-07-16,36.01,36.4299,35.96,36.27,36378681,36.27
2013-07-17,36.34,36.39,35.49,35.74,37289320,35.74
2013-07-18,35.72,35.89,35.22,35.44,49547075,35.44
2013-07-19,32.4,32.67,31.02,31.4,248428494,31.4
2013-07-22,31.7,32.01,31.6,32.01,79040666,32.01
2013-07-23,31.91,32.04,31.71,31.82,65819208,31.82
2013-07-24,32.035,32.19,31.89,31.96,52812049,31.96
2013-07-25,31.62,31.65,31.25,31.39,63221356,31.39
2013-07-26,31.26,31.62,31.205,31.62,38637339,31.62
2013-07-29,31.47,31.6,31.4,31.54,28874879,31.54
2013-07-30,31.78,32.12,31.55,31.85,45801156,31.85
2013-07-31,31.97,32.05,31.71,31.84,43900515,31.84
2013-08-01,32.06,32.09,31.6,31.67,42557872,31.67
2013-08-02,31.69,31.9,31.565,31.89,29199813,31.89
2013-08-05,31.9,32,31.64,31.7,30986512,31.7
2013-08-06,31.55,31.67,31.38,31.58,36334889,31.58
2013-08-07,31.54,32.1,31.25,32.063,38078570,32.063
2013-08-08,32.24,33.07,32.05,32.89,59038538,32.89
2013-08-09,32.77,32.9,32.47,32.7,26803879,32.7
2013-08-12,32.46,32.97,32.46,32.87,25501910,32.87
2013-08-13,32.51,32.55,32.21,32.23,39473018,32.23
2013-08-14,32.14,33.36,31.7,32.35,48528230,32.35
2013-08-15,32,32.18,30.84,31.79,33340728,31.79
2013-08-16,31.79,31.99,31.66,31.8,32866242,31.8
2013-08-19,31.76,31.97,31.38,31.393,27908716,31.393
2013-08-20,31.44,31.9,31.37,31.62,22979513,31.62
2013-08-21,31.61,32.01,31.54,31.61,37409095,31.61
2013-08-22,32.185,32.49,32.1,32.39,31169898,32.39
2013-08-23,35.17,35.2,34,34.75,225493737,34.75
2013-08-26,34.4,34.67,34.03,34.15,72786745,34.15
2013-08-27,33.515,34.1,33.15,33.26,58522264,33.26
2013-08-28,33.39,33.6,33,33.02,44262716,33.02
2013-08-29,32.93,33.6,32.8,33.55,45284632,33.55
2013-08-30,33.37,33.48,33.09,33.4,42784642,33.4
2013-09-03,31.75,32.07,31.29,31.88,154506984,31.88
2013-09-04,31.39,31.47,31.11,31.195,142320588,31.195
2013-09-05,31.1,31.44,30.95,31.235,71644891,31.235
2013-09-06,31.31,31.39,31.13,31.152,75439554,31.152
2013-09-09,31.2208,31.79,31.2,31.655,49628450,31.655
2013-09-10,31.9,32.4,31.79,32.39,56887967,32.39
2013-09-11,32.57,32.93,32.53,32.74,39087430,32.74
2013-09-12,32.72,32.78,32.59,32.69,32867691,32.69
2013-09-13,32.77,33.07,32.505,33.03,40905938,33.03
2013-09-16,33.38,33.5,32.73,32.801,55017879,32.801
2013-09-17,33.42,33.47,32.9,32.93,84716461,32.93
2013-09-18,32.99,33.4,32.83,33.32,64103344,33.32
2013-09-19,33.48,33.68,33.32,33.64,42026553,33.64
2013-09-20,33.41,33.48,32.685,32.791,102904859,32.791
2013-09-23,32.5401,32.969,32.5,32.74,39826261,32.74
2013-09-24,32.87,32.87,32.15,32.455,40684948,32.455
2013-09-25,32.49,32.8,32.4,32.505,28907426,32.505
2013-09-26,32.64,33,32.59,32.77,28503917,32.77
2013-09-27,32.88,33.75,32.87,33.27,55347903,33.27
2013-09-30,33,33.31,32.7,33.28,39839541,33.28
2013-10-01,33.35,33.61,33.3,33.58,36718733,33.58
2013-10-02,33.36,34.03,33.29,33.92,46946813,33.92
2013-10-03,33.88,34,33.42,33.86,38707452,33.86
2013-10-04,33.69,33.99,33.62,33.88,33008107,33.88
2013-10-07,33.6,33.71,33.2,33.3,35069279,33.3
2013-10-08,33.31,33.33,32.8,33.01,41017586,33.01
2013-10-09,33.07,33.3499,32.96,33.07,35878559,33.07
2013-10-10,33.31,33.89,33.26,33.76,42875141,33.76
2013-10-11,33.68,34.14,33.68,34.13,30033336,34.13
2013-10-14,33.9,34.5,33.78,34.45,27757870,34.45
2013-10-15,34.67,34.99,34.47,34.49,47107657,34.49
2013-10-16,34.6,34.895,34.56,34.64,35111593,34.64
2013-10-17,34.45,34.99,34.37,34.92,31359198,34.92
2013-10-18,34.82,34.99,34.33,34.96,41811699,34.96
2013-10-21,34.98,35.2,34.91,34.99,27436505,34.99
2013-10-22,35.02,35.1,34.52,34.58,40438546,34.58
2013-10-23,34.35,34.49,33.674,33.76,58600499,33.76
2013-10-24,33.82,34.1,33.57,33.72,53209728,33.72
2013-10-25,35.88,36.29,35.47,35.73,113493954,35.73
2013-10-28,35.61,35.73,35.27,35.57,38383594,35.57
2013-10-29,35.6301,35.72,35.26,35.52,31702613,35.52
2013-10-30,35.53,35.79,35.43,35.54,37002061,35.54
2013-10-31,35.66,35.69,35.34,35.405,41689563,35.405
2013-11-01,35.67,35.69,35.39,35.525,40271887,35.525
2013-11-04,35.59,35.98,35.55,35.94,28061873,35.94
2013-11-05,35.7899,36.71,35.77,36.64,51681868,36.64
2013-11-06,37.24,38.22,37.06,38.18,88948830,38.18
2013-11-07,37.96,38.01,37.43,37.5,60445258,37.5
2013-11-08,37.67,37.78,37.34,37.78,36743157,37.78
2013-11-11,37.69,37.775,37.355,37.59,26872537,37.59
2013-11-12,37.38,37.595,37.2,37.36,31651589,37.36
2013-11-13,36.98,38.16,36.9,38.155,44957611,38.155
2013-11-14,37.87,38.13,37.72,38.021,46186577,38.021
2013-11-15,37.95,38.02,37.72,37.841,50602034,37.841
2013-11-18,37.35,37.58,37.07,37.2,53277485,37.2
2013-11-19,36.85,37.23,36.67,36.74,44274987,36.74
2013-11-20,36.92,37.41,36.86,37.08,32231827,37.08
2013-11-21,37.27,37.53,37.26,37.4,23064699,37.4
2013-11-22,37.525,37.68,37.33,37.57,27981996,37.57
2013-11-25,37.93,37.95,37.57,37.64,30645248,37.64
2013-11-26,37.57,37.65,37.35,37.35,34468069,37.35
2013-11-27,37.57,37.76,37.49,37.6,26002050,37.6
2013-11-29,37.82,38.29,37.82,38.13,22090428,38.13
2013-12-02,38.09,38.78,38.06,38.45,42950373,38.45
2013-12-03,38.14,38.49,38.08,38.31,52109760,38.31
2013-12-04,38.21,38.98,38.12,38.94,51983578,38.94
2013-12-05,38.85,38.875,37.18,38,116313834,38
2013-12-06,38.42,38.55,37.99,38.36,36457292,38.36
2013-12-09,38.56,38.87,38.37,38.705,30286015,38.705
2013-12-10,38.61,38.9,38.02,38.11,37828593,38.11
2013-12-11,38.06,38.3,37.39,37.61,39853379,37.61
2013-12-12,37.64,37.64,37.18,37.22,36012761,37.22
2013-12-13,37.42,37.45,36.62,36.69,40074360,36.69
2013-12-16,36.73,37,36.54,36.885,31734515,36.885
2013-12-17,36.94,37.11,36.3344,36.52,45687679,36.52
2013-12-18,36.3601,36.6,35.53,36.58,63192067,36.58
2013-12-19,36.51,36.55,36.08,36.25,34157264,36.25
2013-12-20,36.2,36.93,36.185,36.8,62650324,36.8
2013-12-23,36.81,36.89,36.55,36.62,25128740,36.62
2013-12-24,36.72,37.17,36.64,37.08,14242997,37.08
2013-12-26,37.2,37.49,37.17,37.44,17614984,37.44
2013-12-27,37.58,37.62,37.17,37.29,14563533,37.29
2013-12-30,37.22,37.38,36.9006,37.29,16290475,37.29
2013-12-31,37.4,37.58,37.217,37.41,17505770,37.41
2014-01-02,37.35,37.4,37.1,37.16,30643745,37.16
2014-01-03,37.2,37.22,36.6,36.91,31134795,36.91
2014-01-06,36.85,36.89,36.11,36.13,43615035,36.13
2014-01-07,36.325,36.49,36.21,36.41,35924726,36.41
2014-01-08,36,36.14,35.58,35.76,59979542,35.76
2014-01-09,35.88,35.91,35.4,35.53,36520448,35.53
2014-01-10,35.9,36.15,35.75,36.04,40558766,36.04
2014-01-13,35.99,36.02,34.83,34.98,45923872,34.98
2014-01-14,34.73,35.88,34.63,35.78,41627325,35.78
2014-01-15,35.9,36.79,35.85,36.76,44909545,36.76
2014-01-16,36.69,37,36.31,36.89,38035708,36.89
2014-01-17,36.83,36.83,36.15,36.38,46298736,36.38
2014-01-21,36.82,36.82,36.06,36.17,31578979,36.17
2014-01-22,36.26,36.32,35.75,35.93,21965266,35.93
2014-01-23,36.09,36.13,35.52,36.055,44515126,36.055
2014-01-24,37.45,37.55,36.53,36.805,77051806,36.805
2014-01-27,36.87,36.89,35.98,36.03,44485767,36.03
2014-01-28,36.12,36.39,35.75,36.27,36225755,36.27
2014-01-29,35.98,36.88,35.9,36.66,52790351,36.66
2014-01-30,36.79,36.88,36.23,36.86,35111959,36.86
2014-01-31,36.95,37.89,36.56,37.84,93190755,37.84
2014-02-03,37.74,37.985,36.43,36.48,64102391,36.48
2014-02-04,36.97,37.189,36.25,36.35,55526924,36.35
2014-02-05,36.29,36.47,35.8,35.82,55841097,35.82
2014-02-06,35.8,36.25,35.69,36.18,35380994,36.18
2014-02-07,36.32,36.59,36.01,36.56,33348008,36.56
2014-02-10,36.63,36.8,36.29,36.8,26782083,36.8
2014-02-11,36.88,37.26,36.86,37.175,32164989,37.175
2014-02-12,37.35,37.6,37.3,37.47,27055869,37.47
2014-02-13,37.33,37.86,37.33,37.61,37647772,37.61
2014-02-14,37.39,37.78,37.33,37.62,42986738,37.62
2014-02-18,37.63,37.78,37.41,37.42,32839707,37.42
2014-02-19,37.22,37.75,37.21,37.51,29794084,37.51
2014-02-20,37.57,37.87,37.395,37.75,27541038,37.75
2014-02-21,37.94,38.35,37.86,37.98,38030656,37.98
2014-02-24,37.69,37.975,37.54,37.69,32143395,37.69
2014-02-25,37.61,37.85,37.35,37.54,30867657,37.54
2014-02-26,37.5801,37.74,37.19,37.47,41042629,37.47
2014-02-27,37.45,37.89,37.23,37.86,33919024,37.86
2014-02-28,37.98,38.46,37.82,38.31,41217028,38.31
2014-03-03,37.92,38.13,37.495,37.78,29726792,37.78
2014-03-04,38.2,38.48,38.07,38.41,26868337,38.41
2014-03-05,38.25,38.2699,37.93,38.11,20520432,38.11
2014-03-06,38.14,38.24,37.89,38.15,23605310,38.15
2014-03-07,38.28,38.36,37.69,37.9,26596635,37.9
2014-03-10,37.99,38.01,37.72,37.82,19007850,37.82
2014-03-11,37.87,38.23,37.72,38.02,25218133,38.02
2014-03-12,37.8,38.43,37.79,38.27,30496295,38.27
2014-03-13,38.42,38.45,37.6414,37.89,32169650,37.89
2014-03-14,37.651,38.135,37.5058,37.7,27195638,37.7
2014-03-17,37.9,38.41,37.79,38.05,20479610,38.05
2014-03-18,38.26,39.9,38.22,39.55,64063866,39.55
2014-03-19,39.47,39.55,38.91,39.27,35597241,39.27
2014-03-20,39.25,40.649,39.24,40.33,59269801,40.33
2014-03-21,40.72,40.94,40.01,40.16,80731942,40.16
2014-03-24,40.34,40.64,39.86,40.5,46098374,40.5
2014-03-25,40.66,40.99,39.9599,40.34,43193147,40.34
2014-03-26,40.48,40.705,39.6,39.79,41982966,39.79
2014-03-27,39.74,39.97,39.34,39.36,35369170,39.36
2014-03-28,39.79,40.635,39.68,40.3,43472747,40.3
2014-03-31,40.43,41.5,40.4,40.99,46886284,40.99
2014-04-01,41.15,41.59,41.07,41.42,32610395,41.42
2014-04-02,41.44,41.66,41.17,41.35,28666682,41.35
2014-04-03,41.29,41.29,40.71,41.01,30139567,41.01
2014-04-04,41.25,41.39,39.64,39.87,51409573,39.87
2014-04-07,39.96,40.27,39.74,39.8,37559615,39.8
2014-04-08,39.75,39.93,39.2,39.82,35919609,39.82
2014-04-09,39.93,40.55,39.88,40.47,27398687,40.47
2014-04-10,40.44,40.69,39.09,39.36,45960848,39.36
2014-04-11,39,39.79,39,39.209,34333298,39.209
2014-04-14,39.11,39.41,38.9,39.18,32006651,39.18
2014-04-15,39.34,39.96,39.05,39.75,33978673,39.75
2014-04-16,40.06,40.415,39.905,40.4,30616304,40.4
2014-04-17,40.01,40.195,39.51,40.01,36689399,40.01
2014-04-21,40.13,40.15,39.79,39.94,22222222,39.94
2014-04-22,39.96,40.14,39.83,39.99,27057271,39.99
2014-04-23,39.99,39.99,39.47,39.69,24602781,39.69
2014-04-24,39.74,39.97,39.3,39.86,42381594,39.86
2014-04-25,40.29,40.68,39.75,39.91,56883812,39.91
2014-04-28,40.14,41.29,40.09,40.87,50610208,40.87
2014-04-29,41.1,41.19,40.39,40.51,29637370,40.51
2014-04-30,40.4,40.5,40.1699,40.4,35464148,40.4
2014-05-01,40.2401,40.36,39.95,40,28791455,40
2014-05-02,40.31,40.34,39.66,39.69,43417914,39.69
2014-05-05,39.52,39.6399,39.3,39.43,22460928,39.43
2014-05-06,39.29,39.35,38.95,39.06,27112373,39.06
2014-05-07,39.22,39.51,38.51,39.425,41749497,39.425
2014-05-08,39.34,39.9,38.97,39.64,32123032,39.64
2014-05-09,39.54,39.85,39.37,39.54,29647646,39.54
2014-05-12,39.74,40.02,39.65,39.97,22787185,39.97
2014-05-13,39.92,40.5,39.85,40.42,27004768,40.42
2014-05-14,40.3,40.45,40.05,40.24,18818711,40.24
2014-05-15,40.09,40.4,39.51,39.6,37793243,39.6
2014-05-16,39.67,39.84,39.27,39.83,29868272,39.83
2014-05-19,39.61,39.82,39.46,39.75,24537438,39.75
2014-05-20,39.68,39.94,39.46,39.68,21322341,39.68
2014-05-21,39.8,40.35,39.7399,40.35,22399392,40.35
2014-05-22,40.29,40.35,39.85,40.1,20202485,40.1
2014-05-23,40.37,40.37,40,40.12,18020866,40.12
2014-05-27,40.26,40.26,39.81,40.19,26161164,40.19
2014-05-28,40.14,40.19,39.82,40.01,25711565,40.01
2014-05-29,40.15,40.35,39.91,40.34,19893872,40.34
2014-05-30,40.45,40.97,40.25,40.94,34575579,40.94
2014-06-02,40.95,41.09,40.68,40.79,18504300,40.79
2014-06-03,40.6,40.68,40.25,40.29,18071096,40.29
2014-06-04,40.21,40.37,39.86,40.32,23210341,40.32
2014-06-05,40.59,41.25,40.4,41.21,31865213,41.21
2014-06-06,41.48,41.66,41.24,41.48,24060542,41.48
2014-06-09,41.39,41.48,41.02,41.27,15019425,41.27
2014-06-10,41.03,41.16,40.86,41.11,15117689,41.11
2014-06-11,40.93,41.07,40.765,40.86,18039990,40.86
2014-06-12,40.81,40.88,40.29,40.58,29823030,40.58
2014-06-13,41.1,41.565,40.86,41.23,26310697,41.23
2014-06-16,41.04,41.61,41.04,41.5,24205297,41.5
2014-06-17,41.29,41.91,40.335,41.68,22518630,41.68
2014-06-18,41.605,41.74,41.18,41.65,27097228,41.65
2014-06-19,41.57,41.77,41.3301,41.51,19837767,41.51
2014-06-20,41.445,41.83,41.38,41.68,47765407,41.68
2014-06-23,41.73,42,41.69,41.99,18743905,41.99
2014-06-24,41.83,41.94,41.56,41.745,26518274,41.745
2014-06-25,41.7,42.05,41.46,42.03,20051576,42.03
2014-06-26,41.93,41.94,41.43,41.72,23604409,41.72
2014-06-27,41.61,42.29,41.51,42.25,74641945,42.25
2014-06-30,42.17,42.21,41.7,41.7,30805472,41.7
2014-07-01,41.86,42.15,41.69,41.87,26922597,41.87
2014-07-02,41.73,41.9,41.53,41.9,20208526,41.9
2014-07-03,41.91,41.99,41.56,41.8,15969310,41.8
2014-07-07,41.75,42.12,41.71,41.99,21953619,41.99
2014-07-08,41.87,42,41.61,41.78,31218208,41.78
2014-07-09,41.98,41.99,41.53,41.67,18445910,41.67
2014-07-10,41.37,42,41.05,41.685,21856832,41.685
2014-07-11,41.7,42.09,41.48,42.09,24087374,42.09
2014-07-14,42.22,42.45,42.04,42.14,21882943,42.14
2014-07-15,42.33,42.47,42.03,42.45,28758961,42.45
2014-07-16,42.51,44.31,42.48,44.08,63322372,44.08
2014-07-17,45.45,45.71,44.25,44.53,82180263,44.53
2014-07-18,44.65,44.84,44.25,44.69,43407490,44.69
2014-07-21,44.56,45.16,44.22,44.835,37604378,44.835
2014-07-22,45,45.15,44.59,44.83,43095820,44.83
2014-07-23,45.45,45.45,44.62,44.87,52363948,44.87
2014-07-24,44.93,45,44.32,44.4,30725348,44.4
2014-07-25,44.3,44.66,44.3,44.5,26737724,44.5
2014-07-28,44.36,44.51,43.93,43.97,29687677,43.97
2014-07-29,43.91,44.09,43.64,43.885,27764099,43.885
2014-07-30,44.07,44.1,43.29,43.5785,31925735,43.5785
2014-07-31,43.38,43.69,43.08,43.16,31540882,43.16
2014-08-01,43.21,43.25,42.6,42.86,31171094,42.86
2014-08-04,42.97,43.47,42.81,43.37,34277387,43.37
2014-08-05,43.31,43.46,42.83,43.08,26267500,43.08
2014-08-06,42.74,43.17,42.21,42.74,24633966,42.74
2014-08-07,42.84,43.45,42.65,43.23,30315183,43.23
2014-08-08,43.23,43.315,42.91,43.2,28943024,43.2
2014-08-11,43.26,43.45,43.02,43.2,20351600,43.2
2014-08-12,43.04,43.59,43,43.52,21433589,43.52
2014-08-13,43.68,44.18,43.52,44.08,22889484,44.08
2014-08-14,44.08,44.417,44.01,44.27,19313194,44.27
2014-08-15,44.58,44.895,44.4,44.79,41611308,44.79
2014-08-18,44.94,45.11,44.68,45.11,26895359,45.11
2014-08-19,44.97,45.34,44.83,45.33,28139494,45.33
2014-08-20,45.34,45.4,44.9,44.95,24770487,44.95
2014-08-21,44.84,45.25,44.83,45.22,22285502,45.22
2014-08-22,45.35,45.47,45.07,45.15,18294741,45.15
2014-08-25,45.4,45.44,45.04,45.17,16909999,45.17
2014-08-26,45.31,45.395,44.94,45.005,14877669,45.005
2014-08-27,44.9,45,44.76,44.87,21287931,44.87
2014-08-28,44.75,44.98,44.61,44.88,17657643,44.88
2014-08-29,45.09,45.44,44.855,45.43,21608625,45.43
2014-09-02,45.43,45.46,44.85,45.09,22976775,45.09
2014-09-03,44.53,45.11,44.53,44.96,33689341,44.96
2014-09-04,44.74,45.27,44.72,45.26,26478082,45.26
2014-09-05,45.11,45.93,45.11,45.91,36939360,45.91
2014-09-08,46.02,46.8,45.99,46.47,45736730,46.47
2014-09-09,46.47,46.97,46.42,46.76,40302386,46.76
2014-09-10,46.8201,46.94,46.28,46.84,27304409,46.84
2014-09-11,46.74,47,46.47,47,29216560,47
2014-09-12,46.91,47.02,46.6,46.695,38247122,46.695
2014-09-15,46.54,46.71,46.1,46.24,37667644,46.24
2014-09-16,46.39,46.85,46.29,46.76,27910571,46.76
2014-09-17,46.26,46.69,46.23,46.52,38311924,46.52
2014-09-18,46.59,46.83,46.46,46.68,35556632,46.68
2014-09-19,46.81,47.57,46.6,47.52,202526536,47.52
2014-09-22,47.3,47.38,46.98,47.06,38686091,47.06
2014-09-23,46.85,46.98,46.47,46.56,33431078,46.56
2014-09-24,46.63,47.11,46.34,47.08,26582713,47.08
2014-09-25,46.88,47.09,46.03,46.04,33077385,46.04
2014-09-26,45.93,46.62,45.76,46.41,27078764,46.41
2014-09-29,45.98,46.56,45.76,46.44,26090980,46.44
2014-09-30,46.37,46.4763,46.01,46.36,33033086,46.36
2014-10-01,46.27,46.53,45.845,45.9,38088355,45.9
2014-10-02,45.83,46.1,45.64,45.76,25119508,45.76
2014-10-03,45.98,46.3,45.61,46.09,32453273,46.09
2014-10-06,46.12,46.3,45.9199,46.09,20603960,46.09
2014-10-07,45.86,45.93,45.42,45.53,25724544,45.53
2014-10-08,45.48,46.89,45.34,46.78,33030972,46.78
2014-10-09,46.5,46.8,45.74,45.85,34426595,45.85
2014-10-10,45.6,46.12,43.95,44.03,51978146,44.03
2014-10-13,43.82,44.56,43.49,43.65,37100207,43.65
2014-10-14,43.87,44.38,43.56,43.73,38120558,43.73
2014-10-15,43,43.39,42.1,43.22,60220961,43.22
2014-10-16,42.53,43.08,42.22,42.74,49040989,42.74
2014-10-17,43.2,43.935,42.79,43.63,40683346,43.63
2014-10-20,43.06,44.14,42.81,44.08,34530887,44.08
2014-10-21,44.36,44.975,44.19,44.88,36433824,44.88
2014-10-22,45,45.07,44.225,44.38,33579817,44.38
2014-10-23,44.62,45.445,44.53,45.02,45451869,45.02
2014-10-24,46.83,46.9,45.18,46.13,61081039,46.13
2014-10-27,45.71,46.1,45.71,45.91,30371308,45.91
2014-10-28,45.86,46.5,45.77,46.49,29049750,46.49
2014-10-29,46.44,46.7,46.34,46.62,30283622,46.62
2014-10-30,46.32,46.32,45.77,46.05,30073873,46.05
2014-10-31,46.94,46.97,46.48,46.95,35849656,46.95
2014-11-03,46.89,47.46,46.73,47.44,23130397,47.44
2014-11-04,47.301,47.73,47.25,47.57,21530813,47.57
2014-11-05,47.8,47.9,47.26,47.86,22449594,47.86
2014-11-06,47.86,48.86,47.79,48.7,33037841,48.7
2014-11-07,48.92,48.92,48.2901,48.68,28000598,48.68
2014-11-10,48.65,49.15,48.55,48.89,36370067,48.89
2014-11-11,48.85,48.93,48.645,48.87,23445239,48.87
2014-11-12,48.56,48.92,48.52,48.78,22722123,48.78
2014-11-13,48.81,49.645,48.705,49.61,26210433,49.61
2014-11-14,49.74,50.045,49.39,49.58,29081657,49.58
2014-11-17,49.41,49.705,49.14,49.46,30318648,49.46
2014-11-18,49.13,49.325,48.7,48.74,23996457,48.74
2014-11-19,48.66,48.7549,47.93,48.22,26177450,48.22
2014-11-20,48,48.7,47.87,48.7,21510587,48.7
2014-11-21,49.02,49.05,47.57,47.98,42884795,47.98
2014-11-24,47.99,48,47.39,47.59,35434245,47.59
2014-11-25,47.66,47.97,47.45,47.47,28007993,47.47
2014-11-26,47.49,47.99,47.28,47.75,27164877,47.75
2014-11-28,47.95,48.195,47.61,47.81,21534426,47.81
2014-12-01,47.88,48.78,47.71,48.62,31191575,48.62
2014-12-02,48.84,49.05,48.2,48.46,25773478,48.46
2014-12-03,48.44,48.5,47.805,48.08,23534752,48.08
2014-12-04,48.39,49.06,48.2,48.84,30345132,48.84
2014-12-05,48.82,48.97,48.38,48.42,27313449,48.42
2014-12-08,48.26,48.35,47.445,47.695,26663107,47.695
2014-12-09,47.11,47.92,47.05,47.59,24330506,47.59
2014-12-10,47.58,47.66,46.7001,46.9,30431788,46.9
2014-12-11,47.08,47.74,46.68,47.17,29061918,47.17
2014-12-12,46.78,47.73,46.67,46.95,34248371,46.95
2014-12-15,47.2,47.67,46.55,46.67,29247761,46.67
2014-12-16,45.9,46.34,45.13,45.16,47801392,45.16
2014-12-17,45.05,45.945,44.9,45.74,34970865,45.74
2014-12-18,46.58,47.52,46.3386,47.52,40105550,47.52
2014-12-19,47.63,48.1,47.17,47.66,64551182,47.66
2014-12-22,47.78,48.12,47.71,47.98,26565984,47.98
2014-12-23,48.37,48.8,48.13,48.45,23656529,48.45
2014-12-24,48.64,48.64,48.08,48.14,11442790,48.14
2014-12-26,48.41,48.41,47.82,47.88,13197817,47.88
2014-12-29,47.7,47.78,47.26,47.45,14439518,47.45
2014-12-30,47.44,47.62,46.84,47.02,16384692,47.02
2014-12-31,46.73,47.44,46.45,46.45,21552450,46.45
